{"count":1,"self":299.85886719999996,"total":716.6442541,"children":{"InitializeActuators":{"count":12,"self":0.0030104999999999997,"total":0.0030104999999999997,"children":null},"InitializeSensors":{"count":12,"self":0.0041585,"total":0.0041585,"children":null},"AgentSendState":{"count":111242,"self":23.9797616,"total":90.7925465,"children":{"CollectObservations":{"count":266988,"self":1.3115408,"total":1.3115408,"children":null},"WriteActionMask":{"count":266988,"self":0.13881369999999998,"total":0.13881369999999998,"children":null},"RequestDecision":{"count":266988,"self":0.65755639999999993,"total":65.362430899999993,"children":{"AgentInfo.ToProto":{"count":266988,"self":0.5829873,"total":64.7048745,"children":{"GenerateSensorData":{"count":266988,"self":62.8631168,"total":64.1218872,"children":{"RayPerceptionSensor.Perceive":{"count":266988,"self":1.2587693,"total":1.2587693,"children":null}}}}}}}}},"DecideAction":{"count":111242,"self":323.1172608,"total":323.1172727,"children":null},"AgentAct":{"count":111242,"self":2.7376548,"total":2.7376548,"children":null},"AgentInfo.ToProto":{"count":530,"self":0.00091309999999999991,"total":0.1291871,"children":{"GenerateSensorData":{"count":530,"self":0.12504579999999998,"total":0.128274,"children":{"RayPerceptionSensor.Perceive":{"count":530,"self":0.0032281999999999996,"total":0.0032281999999999996,"children":null}}}}}},"gauges":{"BossBattle.CumulativeReward":{"count":528,"max":1,"min":-0.3064,"runningAverage":0.00131363631,"value":0,"weightedAverage":1.13309E-41}},"metadata":{"timer_format_version":"0.1.0","start_time_seconds":"1679571300","unity_version":"2021.3.12f1","command_line_arguments":"C:\\Program Files\\Unity\\Hub\\Editor\\2021.3.12f1\\Editor\\Unity.exe -projectpath C:\\Users\\beeer\\Documents\\mlagents_R19\\Train_ML\\Train_ML\\Boss_ML -useHub -hubIPC -cloudEnvironment production","communication_protocol_version":"1.5.0","com.unity.ml-agents_version":"2.3.0-exp.3","scene_name":"Boss_Training","end_time_seconds":"1679572017"}}